filename,tree_height_m,dbh_cm,crown_width_m_E,branch_clearance_m_E,crown_height_m_E,crown_width_m_W,branch_clearance_m_W,crown_height_m_W,crown_width_m_N,branch_clearance_m_N,crown_height_m_N,crown_width_m_S,branch_clearance_m_S,crown_height_m_S,V_m3,A_m2,Aproj_m2
1,13.55,19.88,2.23,7.18,11.67,2.72,6.98,10.16,1.87,7.49,10.81,2.29,6.65,10.57,50.43715234,85.98448944,13.273139
2,20.57,25.4,2.31,7.83,12.82,2.82,7.36,8.2,2.98,9.68,12.66,2.44,7.43,8.2,128.7793047,148.4872742,22.02352142
3,19.87,26.21,2.78,8.93,12.46,2.28,10.81,12.12,4.74,8.91,12.35,3.88,10.9,12.3,177.6699766,132.610405,27.93172073
4,19.31,21.79,2.72,7.89,12.44,2.23,8.81,10.51,2.74,8.81,10.51,3.35,7.89,12.44,95.07596875,107.1947174,19.87485313
5,19.33,25.17,3.14,9.77,12.4,2.57,10.49,12.24,3,8.6,12.52,2.45,9.73,12.05,62.59113281,83.49046326,21.37633705
6,17.58,19.04,2.74,9.1,11.01,2.24,9.62,11.44,3.15,8.21,11.86,2.58,9.7,10.52,71.0240625,90.88816071,21.38520622
7,18.56,21.26,2.61,9.33,11.45,2.13,10.07,11.55,1.97,10.01,11.34,2.4,9.12,11.83,48.42744141,73.73073578,15.90873432
8,21.59,28.26,3.31,8.54,12.71,2.71,10.5,13.2,3.97,10.5,13.2,3.25,11.64,13.06,126.695,138.6342468,33.70933533
9,17.61,19.61,2.1,9.63,11.42,2.57,9.15,11.3,2.28,8.74,11.27,2.58,8.59,11.45,59.03820703,83.85895538,16.56483078
10,19.77,24.25,2.78,7.17,12.4,2.28,10.82,12.89,2.74,7.49,12.62,2.24,10.82,12.89,72.1987207,41.65659332,18.1376667
11,17.3,17.95,2.03,9.22,13.03,2.48,7.45,11.62,2.69,8,12.07,2.2,9.02,12.58,71.74482031,96.87399292,15.22984314
12,17.35,22.57,3.01,8.12,11.57,2.46,9.41,9.08,3.26,8.14,10.53,2.67,9.12,9.72,57.42071094,79.64497375,21.52846146
13,18.73,24.3,2.11,10.02,12.49,2.52,9.96,11.86,2.43,6.89,12.35,1.99,9.96,11.86,50.13190625,72.04836273,15.54836941
14,17.34,26.54,2.04,8.57,11.8,1.78,8.67,11.84,1.79,9.28,11.7,2.19,7.3,11.7,17.34209375,40.71384811,10.54166508
15,19.39,27.6,2.46,10.37,10.96,3,9.19,11.26,2.42,10.74,12.14,2.46,10.74,11.3,57.68141797,79.7488327,16.99646378
16,13.95,21.16,1.79,7.42,9.22,2.18,6.87,9.43,2.45,6.79,8.61,2.2,6.77,10.04,21.89094922,48.926754,12.76286221
17,17.35,22.48,2.11,9.57,11.4,2.58,8.68,11.64,2.77,8.66,11.8,2.26,9.15,11.34,37.97960156,66.56902313,17.55858803
18,18.22,23.14,2.86,8.93,11.85,2.34,9.76,12.34,2.91,10.03,11.64,3.56,8.82,11.8,73.00190625,94.95865631,22.89333153
19,17.44,24.63,2.11,8.13,11.83,1.72,8.26,11.51,2.03,8.24,11.35,2.07,7.93,11.99,19.72407031,38.67909622,11.21628857
20,17.59,23.63,3.14,8.56,11.38,2.8,8.85,11.42,2.43,8.84,11.4,2.97,7.91,10.97,77.87921094,99.30736542,22.5169239
21,17.15,20.87,2.94,9.05,12.43,2.41,9.42,12.07,2.69,9.05,12.43,3.29,7.84,11.98,58.01934375,83.74211884,19.47585106
22,17.8,19.76,2.96,8.95,12.1,2.42,9.45,12.28,2.23,9.51,11.98,2.73,8.8,12.31,84.91102344,98.1388779,18.5689888
23,18.63,30.25,3.26,10.19,12.33,3.98,9.77,12.2,3.22,9.72,12.68,3.48,9.42,12.03,94.04366406,109.8567581,34.17554092
24,19.22,22.91,1.69,10.02,12.29,2.06,9.3,12.38,2.92,10.02,12.29,3.57,7.98,12.17,53.27611328,77.58586884,19.82344818
25,16.72,20.69,2.12,8.36,11.93,1.73,9.14,11.55,2.69,7.91,11.85,2.2,8.37,12.1,32.5292793,81.76570511,12.51186085
26,18.99,30.3,2.48,10.36,11.76,2.03,10.55,11.77,2.02,9.99,12.02,2.47,9.27,11.42,65.95425195,86.94809723,14.11425495
27,19.14,32.2,3.34,10.63,11.91,4.08,10.14,12.18,3.92,9.11,12.29,3.21,10.63,11.91,182.3685,160.4469757,36.47611618
28,20.77,27.93,3.23,9.44,12.8,2.64,10.78,11.52,2.71,11.01,11.98,2.22,11.43,12.45,71.32219531,94.31110382,20.33848572
29,20.08,23.68,2.69,10.45,12.31,2.2,11.14,11.91,3.36,10.74,11.62,4.11,10.47,12.6,143.0678594,107.977448,22.0452137
30,20.21,22.5,3.15,10.57,11.41,3.18,10.46,12.53,3.49,10.45,12.5,2.85,11.11,12.01,131.0250078,105.9714584,26.30435753
31,17.86,19.11,2.62,8.85,11.36,2.14,9.84,11.47,2.74,8.62,11.27,2.24,9.84,11.47,41.77149219,62.03207779,17.83028793
32,19.82,27.76,2.63,10.68,12.48,3.21,10.01,11.82,1.99,9.92,12.05,2.43,9.59,12.25,87.98757813,100.2183533,19.32998276
33,19.98,28.12,2.75,10.1,11.75,3.36,9.07,12.43,2.65,9.04,11.81,2.17,10.38,12.37,100.1343516,115.125618,24.2532444
34,18.86,32.18,2.5,9.7,11.75,2.04,10.2,12.12,2.81,9.72,11.93,2.3,10.19,11.79,36.55415234,58.68592072,15.69929695
35,17.68,24.68,2.24,9.39,11.69,1.99,9.48,11.33,2.47,9.48,11.33,2.02,9.82,11.87,27.90931641,51.64831161,14.7641449
36,19.4,19.74,3.82,10.54,11.98,3.13,10.71,12.12,2.82,10.5,12.21,3.45,9.93,11.69,98.92963281,112.9600067,29.70806122
37,16.61,23.31,3.58,7.75,12.02,2.93,8.92,12.52,2.57,8.92,12.34,3.14,8.08,11.66,68.68713281,90.80011749,22.31978989
38,16.81,25.73,2.5,9.08,11.76,3.06,6.9,11.27,2.52,9.19,11.82,2.97,9.07,11.7,95.92928125,111.6840973,22.41146851
39,19.31,23.75,2.52,5.01,12.36,2.06,10.2,11.9,2.19,10.67,12.7,2.67,10.35,11.74,42.19041406,65.86539459,17.15807152
40,17.81,27.49,3.85,9.16,11.75,3.15,9.73,12.5,3.06,9.36,12.33,2.85,9.63,12.24,131.1868438,148.0788116,29.70024109
41,16.6,21.22,2.57,9.1,11.9,3.14,8.65,12.55,2.09,8.71,12.37,1.71,9.2,11.31,20.85282617,43.5737648,12.49808025
42,17.12,22.86,3.27,9.34,11.12,3.99,8.71,11.01,2.46,9.5,10.53,3.01,8.76,11.6,76.76539844,101.2651978,24.49700928
43,18.59,23.24,2.75,10.21,12.73,3.36,9.75,11.85,2.7,9.06,11.49,2.21,10.27,13.09,83.6770703,103.323288,18.74459076
44,19.23,25.46,2.61,9.51,12.32,3.04,9.37,12.57,3.18,9.52,12.48,3.69,9.35,12.41,95.56676563,106.0406876,25.52056503
45,19.23,31.25,4.15,10.31,12.17,5.07,9.94,11.76,3.45,10.42,12.55,3.91,10.16,11.39,232.9775469,187.1533661,47.41143799
46,18.83,23.56,2.78,9.03,12.11,2.27,9.98,11.81,3.1,9.91,12.56,2.54,10.45,11.33,54.88270703,79.53862762,18.24755287
47,19.85,26.43,3.88,9.39,11.81,3.17,10.29,12.19,3.73,9.06,12.08,3.64,9.4,11.92,151.6722188,152.239975,34.83299637
48,18.73,22.25,2.79,8.73,11.33,2.29,10.28,11.49,2.98,8.44,12.01,2.44,10.39,11.3,71.40377344,91.71627808,19.4221077
49,17.11,24.95,1.78,8.8,12.39,1.46,9.29,12.13,2.1,9.3,12.87,1.72,9.44,11.53,14.6986875,34.59749222,7.327029705
50,18.92,18.56,2.31,10.34,11.84,2.82,8.67,12.9,2.79,9.39,12.53,3.11,9.14,11.88,59.45690625,86.28613281,19.02978706
51,15.94,19.88,2.93,8.84,9.86,3.58,6.54,10.19,2.95,8.84,9.86,2.69,8.85,10.39,82.2478906,100.801712,29.37312126
52,19.39,28.77,3.27,9.14,12.1,2.67,10.77,11.95,3.84,8.93,11.5,3.84,8.4,12.26,115.4863594,124.8578339,32.00617218
53,17.74,22.63,3.13,8.03,11.98,2.56,9.75,11.8,2.5,9.75,11.8,3.05,8.03,11.98,65.10004297,69.82518768,21.19341469
54,18.42,25.91,2.67,8.99,10.99,2.19,10.03,11.18,3.34,9.92,10.36,4.08,9.11,11.81,96.01139844,119.4201355,25.73624802
55,20.61,27.83,3.52,4.78,12.44,2.88,10.84,12.46,3.23,10.84,12.46,3.94,10.35,12.24,118.4835625,127.5582886,32.24110413
56,18.98,32.63,2.81,8.52,12.17,2.8,8.59,12.1,2.38,8.73,12.04,2.9,7.56,12.24,80.5141875,101.521698,22.31161499
57,18.09,25.6,2.39,9.93,11.75,2.35,9.91,12.17,2.7,9.72,11.99,2.21,9.91,12.04,60.8009688,90.2251129,18.21177483
58,17.73,24.1,3.01,8.34,12.39,2.46,9.57,11.32,3.02,8.84,11.46,2.47,9.14,12.19,81.5343281,107.4922333,20.49485207
59,19.02,21.13,2.38,10.55,12.62,2.25,10.55,12.58,3.11,10.19,11.88,2.54,10.53,13.06,65.30257813,90.97254181,19.10814857
60,18.7,26.14,4.63,8.58,12,5.02,7.96,12.21,4.54,10.16,12.21,4.93,10.07,12.1,263.46975,190.1885681,66.1880722
61,20.2,29.46,3.88,11.22,12.35,4.74,10.43,12.32,2.8,11.22,12.61,3.43,10.42,12.18,188.3147188,153.9968414,35.36748123
62,16.02,25.72,2.38,8.16,11.52,2.34,8.42,13.34,3.06,8.42,13.34,3.13,8.16,11.52,95.26351563,81.855835,20.79561806
63,17.76,23.05,1.97,9.11,12.06,2.41,7.64,11.55,2.2,9.04,11.25,1.8,9.43,12.32,50.00836719,74.33930206,12.69405937
64,16.75,23.88,3.88,8.75,11.92,3.17,9.3,10.74,4.39,7.67,11.06,3.59,8.45,11.3,146.2858281,145.677063,36.99821091
65,16.12,20.12,2.85,7.75,10.88,2.33,8.69,11.08,3.94,6.71,11.32,3.22,7.74,10.74,109.7610781,127.7863922,25.29642677
66,17.93,31.68,3.48,8.87,11.94,2.85,9.91,12.06,3.31,8.99,12.25,3.69,8.83,11.59,101.2874141,123.8303223,33.07469559
67,16.01,21.79,2.81,7.51,10.89,3.01,7.48,11.13,2.25,7.51,10.86,2.75,7.21,11.03,57.37193359,85.74090576,18.64149094
68,19.41,26,3.17,9.04,12.13,3.62,8.24,12.13,3.5,8.37,12.31,2.86,10.08,12.08,93.12878906,129.9486008,30.34670639
69,19.66,26.99,3.08,10.74,9.71,3.77,8.41,12.32,2.94,8.36,12.11,2.41,10.74,9.71,141.9344844,172.1835022,27.72972679
70,17.76,23.15,2.02,9.28,11.95,2.2,8.75,11.24,2.39,8.81,11.76,2.92,8.42,11.39,69.0309531,87.1243134,17.27618217
71,16.22,28.65,2.63,8.35,10.71,3.22,7.68,11.08,2.79,8.21,10.97,3.38,7.73,10.82,97.2660469,116.7093506,26.92420006
72,17.62,20.85,2.21,8.98,11.66,2.7,8.15,10.99,2.76,8.23,11.52,2.61,8.21,11.13,79.10894531,105.9181442,18.52301025
73,19.04,28.6,3.08,10.47,11.79,3.76,9.67,12.36,2.57,10.54,12.05,2.3,10.53,12.29,118.148668,109.5474854,23.89042664
74,17.67,24.04,3.62,8.64,11.43,2.96,9.46,11.14,3.68,8.64,11.43,4.49,6.23,11.61,127.4507109,136.9900208,35.96811295
75,18.01,22.58,2.26,9.85,11.49,2.77,9.15,12.04,2.78,8.82,11.85,2.27,9.85,11.68,97.146375,97.0671234,15.78881073
76,16.82,20.25,2.76,7.77,10.85,2.97,8.11,11.34,2.4,6.09,10.54,1.97,9.34,11.12,70.86885156,102.7565384,15.7141571
77,19.88,25.51,2.79,10.69,11.96,3.4,9.56,12.15,2.34,11.04,12.91,2.86,10.86,11.56,102.8316016,121.3369827,21.73436356
78,20.95,27.41,2.79,11.5,12.63,3.41,10.72,12.31,2.45,11.64,12.73,2.99,11.26,12.36,119.3247813,139.7216644,24.68936539
79,19.35,26,3.11,9.53,11.76,2.54,10.3,11.78,3.34,8.53,11.76,2.73,9.22,11.67,119.3953672,131.7039032,24.77980804
80,15.29,23,2.17,8.08,11.42,2.36,8,11.25,2.24,7.54,10.58,1.83,8.49,11.57,42.75359375,68.62697601,13.99698544
81,16.56,29.76,2.66,9.2,11.25,3.25,4.35,12.52,1.91,8.83,12.1,2.33,7.84,10.87,91.88696875,118.1959763,17.11053276
82,18.96,24.86,2.4,10.51,12.47,2.5,10.47,12.87,2.81,10.37,12.51,3.44,9.46,12.5,85.3641406,107.0036774,23.42633057
83,16.99,22.41,2.64,8.17,11.26,2.16,9.39,12.9,2.52,8.1,10.73,2.06,9.39,12.9,42.76591797,67.91374969,16.08784294
84,17.99,23.59,2.32,9.78,10.43,1.9,9.96,11.35,3.09,9.78,10.43,3.77,7.3,11.04,86.44570313,110.4475098,20.44331741
85,17.94,21.33,3.34,8.96,11.04,2.88,9.53,11.12,2.67,9.42,10.68,2.18,9.97,11.74,94.13175,97.7595444,20.88084412
86,17.76,24.71,3.18,9.58,11.58,3.89,8.68,11.46,2.65,8.65,10.54,2.17,9.72,12.14,90.32125,100.7058411,25.08109474
87,19.16,23.68,1.87,9.22,13.18,2.29,7.86,12.15,2.16,9.37,12.82,2.64,5.26,13.17,46.7739707,78.98258209,16.06492424
88,17.92,22.55,3.42,9.32,12.4,4.18,8.36,11.59,2.87,9.78,12.58,3.51,8.66,11.41,146.3255156,162.8031464,30.5068512
89,18.01,26.13,2.7,9.77,10.53,2.21,9.97,11.94,2,9.98,11.49,2.45,8.98,11.06,70.68279688,99.75605774,15.52613544
90,19.38,25.19,2.96,8.17,11.99,2.43,9.49,11.58,3.25,10.41,11.2,3.98,8.35,12.44,131.1309844,136.8864899,26.34758949
91,10.8,16.72,3.16,5.25,13.37,2.58,5.72,8.73,2.02,5.98,13.7,2.44,5.9,8.4,53.65910938,58.0679169,19.97262001
92,16.9,23.63,2.48,8.42,11.41,3.03,8.18,11.08,2.44,9.26,10.18,2.98,8.38,10.99,60.75691406,86.21768188,20.01361656
93,19.44,24.43,3.58,9.81,11.65,2.93,10.77,10.96,2.97,9.82,11.74,2.43,10.77,10.95,110.5700781,137.4979858,26.70016861
94,17.54,28.76,2.08,9.48,11.51,2.54,9.25,13.08,2.69,9.67,12.47,3.28,8.65,12.47,73.44996094,97.65061188,19.63631439
95,15.97,23.6,2.48,7.81,11.13,2.97,7.51,11.14,2.57,7.3,10.67,2.1,8.57,11.7,57.33571875,79.4233017,16.23150444
96,12.6,13.57,1.43,7,11.37,1.75,4.47,9.13,3.11,5.16,15.84,2.55,6.41,8.04,41.53355859,76.96582031,13.23122501
97,17.72,22.01,2.23,9.84,11.91,2.72,9.68,11.41,3.75,9.68,11.41,3.07,9.84,11.91,85.058,115.7413483,22.42954063
98,18.41,19.68,3.03,7.97,11.94,2.57,8.72,11.96,2.5,10.01,11.85,3.05,8.69,11.71,76.40475781,96.99986267,21.70419693
99,20.01,22.62,2.04,11.05,12.26,2.49,10.03,12.12,1.99,10.14,12.16,2.43,9.06,12.22,43.76667188,66.04749298,14.90730476
100,22.68,26.91,2.97,12.12,13.15,3.63,10.7,13.75,2.79,10.55,12.99,3.42,5.59,14.28,147.6588906,133.1674271,24.0461998
101,19.75,26.67,3.21,10.75,10.87,3.92,4.89,12.61,3.25,10.7,11.27,3.51,10.76,10.98,190.23275,191.0848846,34.72409439
102,20.2,29.68,2.65,9.66,13.08,2.17,10.98,8.69,2.25,11.19,8.57,2.75,10.64,13.36,16.20779297,35.77640152,16.86486435
103,20.84,31.49,2.14,11.01,13.2,2.61,10.33,10.8,2.15,10.82,10.57,2.04,10.63,13.43,78.66960742,91.62875748,14.33617306
104,19.39,22.7,2.08,10.64,12.75,2.54,9.81,12.58,2.51,9.81,12.58,2.09,10.03,13.1,50.39419531,71.27478027,16.03233337
105,19.44,21.06,2.75,8.35,12.61,2.25,10.35,12.11,2.37,9.08,12.79,1.94,10.69,11.86,69.1948906,100.5207977,13.44951153
106,18.3,21.73,2.33,9.98,12.4,2.85,8.89,12,2.57,10.13,11.7,3.14,9.52,12.61,68.03269531,89.95415497,21.68037605
107,8.93,13.64,1.49,4.74,15.05,1.83,4.06,9.47,1.65,4.88,12.47,2.02,4.69,13.28,33.04089844,59.66489792,9.206721306
108,16.7,18.63,2.59,7.93,10.07,2.71,7.81,11.04,2.21,9.1,9.73,2.7,8.99,10.83,41.65565625,66.6031723,19.65287781
109,17.12,25.03,2.36,8.39,11.02,2.09,8.75,11.48,2.36,8.39,11.02,2.11,8.6,11.52,36.06065234,68.10765839,12.49629021
110,19.4,30.58,3.02,10.41,11.75,3.7,9.15,12.49,3.12,10.76,11.81,3.82,9.93,12.33,90.12053125,111.5652313,30.99466324
111,19.03,23.17,2.04,10.05,12.44,2.5,9.1,12.22,1.94,10.24,12.04,2.37,9.21,12.76,38.86880273,70.85783768,13.32891273
112,17.54,20.3,2.1,7.89,10.19,2.1,7.9,10.7,2.57,9.02,12.26,3.14,7.69,9.53,63.07910938,85.06539917,16.27418709
113,18.36,21.31,2.3,8.21,12.36,1.88,9.84,11.32,2.03,6.42,11.86,1.66,9.39,11.25,69.23561719,101.280304,11.01901245
114,19.56,24.06,2.49,10.31,13.25,3.04,9.42,12.1,2.79,9.92,12.77,2.28,10.6,12.58,65.81699219,85.829216,22.1164856
115,19.53,21.04,2.79,8.84,12.64,2.28,9.45,12.22,2.19,9.46,12.29,2.65,8.75,12.44,83.05180859,94.8299675,16.93161392
116,16.74,18.92,3.17,8.34,11.54,2.59,9.2,11.69,2.29,8.6,11.52,2.1,8.7,11.75,59.60205078,79.36436462,18.67615128
117,20.86,25.01,2.86,10.27,13.5,2.87,10.12,12.61,3.79,10.24,13.28,3.44,10.57,13.09,146.2744141,122.9977341,25.16062355
118,20.33,24.73,2.83,11.27,12.15,3.46,10.04,12.55,2.39,9.98,12.13,2.92,7.65,12.85,104.7817266,119.6103973,22.04246902
119,15.5,23.12,2.11,8.58,10.61,2.58,7.43,11.4,1.97,8.02,11.45,1.61,8.58,10.61,10.20495703,26.92973518,11.54555702
120,16.17,20.5,1.88,7.66,11.05,1.54,8.89,11.16,1.81,8.55,10.84,1.48,8.77,11.21,48.36307813,66.901001,7.80802393
121,18.5,26.61,2.21,10.05,11.55,2.7,6.11,11.82,2.99,8.91,11.78,2.45,10.26,11.37,61.13103906,89.02483368,18.75351906
122,18.92,26.32,3.91,9.04,11.73,3.2,9.34,12.08,2.31,9.31,11.83,2.82,8.05,11.65,96.03278125,103.6788025,24.06392288
123,21.22,26.21,2.09,11.43,12.71,1.71,11.75,12.12,2.74,11.01,11.83,2.58,10.83,13.16,57.25794922,90.06401825,14.65940666
124,20.88,26.18,3.11,9.48,12.7,2.61,10.19,12.32,2.57,10.52,12.55,3.14,8.32,12.96,96.77782031,17.7335434,25.70249557
125,17.94,29.69,3.77,7.71,11.91,3.08,8.56,12.02,2.13,8.45,12.01,2.6,7.61,11.76,92.33589063,99.52001953,22.46439552
126,19.03,30.89,2.03,9.64,12.51,2.48,8.49,12.23,2.45,9.59,12.08,2.99,8.7,12.67,62.67598242,95.04428482,17.26006317
127,19.56,21.84,2.46,9.55,12.37,2.01,10.63,12.18,2.16,9.96,11.96,2.64,9.58,12.58,45.38810938,70.53668213,15.26898575
128,21.38,26.55,2.76,9.44,12.88,2.26,11.2,12.94,2.48,10.91,13.01,2.03,11.71,12.8,103.5363281,109.750946,14.96128464
129,18.82,22.24,1.91,9.51,12.49,1.78,9.76,13.34,3.02,8.29,11.7,2.47,9.81,12.99,54.58759766,87.63377762,15.59517288
130,17.49,17.04,2.78,9.24,11.77,3.4,8.5,10.45,2.96,8.5,10.45,2.42,8.88,11.53,67.53375781,94.61594391,21.53343201
131,15.07,26.01,2,8.35,10.38,2.44,8.2,10.89,2.94,7.11,10.51,2.41,7.79,11,57.29084375,85.25965118,15.34199524
132,16.53,25.35,2.16,8.92,10.77,2.64,8.43,10.76,3.12,8.43,10.76,2.55,8.92,10.77,69.83683594,92.25850677,20.00616646
133,19.71,26.55,2.93,8.34,12.37,2.4,10.9,12.06,2.91,10.95,12.5,3.55,10.1,11.96,101.0484375,104.1278153,23.06703949
134,16.73,22.95,2.87,8.99,12.36,2.5,9.02,11.5,3.26,7.43,11.65,2.67,8.68,12.22,84.5079375,91.018631,24.99988747
135,20.39,27.7,3.51,7.15,12.65,2.87,10.34,12.57,2.96,10.38,12.09,3.55,9.62,12.78,146.3481016,158.7638092,26.8554039
136,18.47,24.46,3.09,10.26,11.69,3.77,8.1,11.95,2.69,10.26,11.69,3.28,8.17,11.52,120.4875156,124.9623108,31.11910439
137,20.96,22.39,4.75,9.63,12.61,3.88,11.63,12.7,3.68,7.78,12.95,3.01,9.55,12.21,170.6402969,167.9016876,34.45714951
138,12.58,12.78,0.98,7.57,11.19,1.2,6.28,8.91,1.01,7.57,11.19,0.83,6.34,8.7,2.109366455,9.239783287,2.876083136
139,14.17,13.39,1.1,6.21,8.33,0.9,7.94,10.83,1.02,6.36,8.58,1.25,7.6,10.61,3.640655273,14.57307816,3.247914076
140,12.81,13.73,1.11,5.72,7.73,0.91,5.5,7.18,1.14,5.14,6.66,1.32,5.72,7.71,4.472410156,17.60185242,3.382741928
141,17.84,14.11,1.44,6.25,7.11,1.77,7.62,10.31,1.07,6.38,7.3,1.31,7.48,10.13,5.624458496,21.39796638,4.10004425
142,13.14,15.01,1.34,5.73,7.68,1.18,6.4,8.81,0.94,6.29,8.32,1.15,6.16,8.29,5.977489746,18.95138359,4.108563423
143,15.99,10.64,1.29,6.83,9.31,1.06,8.39,11.56,1.12,6.29,8.42,1.12,9.07,12.45,6.119521973,21.30945969,3.95665741
144,10.6,15.39,1.36,5.1,7.01,1.11,5.16,6.87,1.07,5.16,6.87,1.31,5.1,7.01,6.314328125,20.35861969,3.75227046
145,15.55,10.24,1.08,8.11,11.15,1.32,9.14,12.81,1.36,9.08,12.7,1.11,8.41,11.55,7.496180176,25.64578629,4.613801956
146,11.42,8.14,0.98,5.92,8.7,1.04,6.12,9.08,1.21,6.09,9.08,0.99,6.37,9.59,7.570154785,27.37130547,3.399644136
147,17.08,16.07,1.09,8.47,11.25,1.33,9.17,12.23,1.59,7.81,10.54,1.3,9.73,12.95,8.006943359,22.81189919,4.743084431
148,13.17,21.43,1.13,5.8,7.5,1.39,5.92,7.78,1.27,5.93,7.73,1.55,6.03,7.97,8.67180957,24.88824654,5.017717361
149,16.96,13.25,1.53,9.68,13.19,1.25,9.38,12.59,1.21,8.11,10.87,1.48,9.93,13.51,8.722990234,28.91139793,5.616234779
150,15.55,14.45,1.11,9.83,13.67,1.07,8.52,11.59,1.12,9.24,12.61,0.97,9.33,12.65,8.725001953,27.34323311,3.261877775
151,13.25,15.44,1.07,6.27,8.44,1.31,6.07,8.25,1.09,6.18,8.36,1.33,5.73,7.76,8.784504883,25.45051384,4.479582787
152,14.84,17.1,1.27,7.34,9.73,1.29,7.45,9.86,1.22,7.01,9.21,1.49,7.94,10.86,9.14396875,26.89798546,5.236799717
153,20.76,18.2,1.36,7.68,10.62,1.24,8.98,12.06,0.99,8.31,11.27,1.21,8.4,11.42,9.436844727,27.44388962,3.927470684
154,17.87,10.47,1.41,8.64,11.83,1.16,7.69,10.58,1.11,8.08,11.09,1.36,8.23,11.3,9.61381543,28.70628357,4.188433647
155,15.94,20.06,2.04,6.77,9.06,1.67,7.23,9.56,1.65,7.03,9.31,1.35,7.05,9.28,9.709535156,27.25710297,7.301110744
156,13.96,15.99,1.08,6.99,9.37,1.33,6.86,9.42,1.26,7.03,9.7,1.46,6.13,8.23,9.72194043,28.10003662,4.625990868
157,15.33,10.63,1.16,7.34,9.8,1.41,7.63,10.58,1.26,7.63,10.58,1.44,7.57,10.5,9.773643555,29.93816566,4.777001858
158,11.7,19.02,1.44,5.56,7.48,1.31,5.19,6.68,0.93,5.13,6.5,1.14,5.59,7.55,9.855453125,27.20794296,4.465986729
159,13.56,17.85,1.67,6.3,8.5,1.37,7.28,10.07,1.28,7.28,9.86,1.57,6.31,8.34,10.11806348,27.7814312,5.968640804
160,13.3,20.97,1.53,5.84,7.79,1.25,5.88,7.72,1.42,5.72,7.38,1.42,5.9,7.74,10.23176953,29.05128098,4.950651169
161,15.93,17.62,1.67,5.95,7.86,1.37,5.67,7.21,1.22,5.76,7.43,1,5.94,7.64,10.40849805,30.17112541,4.55855608
162,18.94,18.8,1.53,7.38,9.95,1.25,8.34,11.06,1.29,7.37,9.88,1.55,8.4,11.24,11.47545508,29.34729004,5.434001446
163,18.6,21.56,1.65,8.31,10.93,1.35,7.51,9.7,1.33,8.24,10.67,1.63,7.4,9.96,11.4882627,28.68527985,6.465400219
164,15.22,12.2,1.14,5.73,5.01,1.4,8.22,11.32,1.37,8.17,11.29,1.12,5.75,5.04,12.27447363,43.64549255,3.953623295
165,16.08,16.4,1.77,6.44,8.56,1.48,6.55,8.66,1.35,7.24,9.72,1.24,6.55,8.66,12.31712891,32.4452858,6.355257034
166,17.76,15.89,1.89,5.92,7.98,1.55,8.3,11.09,1.16,7.19,9.53,1.42,8.3,11.09,12.31717383,34.02254868,6.519482136
167,11.58,20.22,1.51,5.5,7.26,1.83,5.69,7.7,1.3,5.69,7.7,1.58,5.16,6.81,12.3505791,30.48504066,6.690216541
168,13.52,16.08,1.9,5.94,7.84,1.55,6.49,8.6,1.44,5.94,7.84,1.18,6.49,8.6,12.71537012,31.90663719,6.15594244
169,17.94,12.26,1.18,9.15,12.4,1.32,9.03,12.24,1.14,8.52,11.6,0.93,9.03,12.24,12.90481445,36.86239243,3.93226862
170,14.56,10.86,1.39,7.5,10.42,1.13,11.31,15.01,1.06,10.89,14.1,1.3,7.31,9.91,13.02321191,45.22791672,3.927235365
171,17.45,16.51,1.21,7.75,10.39,1.42,7.05,9.44,1.54,6.71,8.98,1.56,8.1,10.85,13.18978809,33.46144104,5.64359808
172,13.01,25.04,1.31,5.8,7.21,1.6,5.95,7.78,1.33,5.8,7.21,1.62,5.74,7.41,13.39893555,33.72499084,7.202007771
173,15.04,12.68,1.16,6.73,9.05,1.41,6.67,9.03,1.18,6.9,9.21,1.44,6.49,8.85,13.5152041,34.85957718,5.425569534
174,11.05,14.63,0.99,5.04,6.86,0.81,5.77,8.04,1.08,5.77,8.04,1.31,5.04,6.86,13.54717773,41.60787964,3.473822832
175,18.71,15.5,1.67,7.43,10.08,1.36,9.95,13.02,1.63,7.43,10.08,1.33,9.95,13.02,13.67463574,32.66537094,6.130381584
176,19.44,15.23,1.31,8.54,11.3,1.5,8.08,10.78,1.24,7.44,10.22,1.51,9.21,12.4,14.11554395,38.24659729,4.919599056
177,15.43,10.74,1.53,8.03,11.11,1.28,8.13,11.25,1.45,7.66,10.57,1.2,8.49,11.79,14.24572168,39.04421234,5.416925907
178,18.81,12.96,1.65,8.85,12.02,1.35,8.09,10.96,1.67,9.18,12.43,1.37,7.59,10.34,14.70662109,38.36666489,6.325768948
179,14.38,12.85,1.78,7.11,9.69,1.46,8.02,10.61,1.33,7.33,9.51,1.63,7.8,10.8,14.76927441,50.9254303,5.706928253
180,13.54,10.78,1.31,6.45,8.41,1.6,8.07,11.73,1.25,7.29,10.4,1.02,7.23,9.74,14.82178613,45.45713043,4.856666088
181,12.33,14.47,2.06,5.38,7.13,1.69,5.93,8.04,1.55,5.55,7.52,1.27,5.68,7.68,14.94768457,35.28989792,7.433921814
182,16.86,12.5,1.48,6.4,8.47,1.32,6.81,9.06,1.22,6.4,8.47,1.49,7.04,9.62,15.02126465,38.76236343,5.211926937
183,18.78,18.22,1.28,8.66,11.43,1.56,8.49,11.32,1.54,8.79,11.7,1.26,8.37,11.06,15.32804395,36.29854965,6.600883484
184,13,13.9,1.33,5.6,7.42,1.63,5.99,8.16,1.31,5.84,7.89,1.34,5.76,7.75,15.4344502,36.29432678,5.27038765
185,16.19,14.47,1.39,6.9,9.3,1.53,6.25,8.33,1.39,6.53,8.55,1.69,6.77,9.11,15.59073926,37.83988953,6.530850887
186,19.04,11.72,1.43,9.08,12.32,1.17,8.88,11.78,1.2,8.78,11.81,1.47,8.94,12.17,15.60139941,38.75821304,5.141273499
187,21.87,15.58,1.59,8.82,12.06,1.3,6.44,9.22,1.43,6.35,9.27,1.46,8.65,12.01,15.82989648,38.44282913,6.012892723
188,18.05,17.58,1.47,7.99,10.72,1.2,8.43,11.01,1.56,7.98,10.83,1.28,8.43,11.01,15.96365234,42.28825378,5.955240726
189,17.44,21.63,1.64,7.3,9.6,1.59,8.42,11.03,1.83,8.48,11.21,1.5,7.25,9.42,15.99008203,35.78557968,7.689691067
190,17.73,15.98,1.56,7.69,10.33,1.28,9.33,12.34,1.73,8.28,11.12,1.7,8.62,11.55,16.00881641,36.52440262,7.109218121
191,21.07,17.87,1.52,8.6,11.65,1.24,8.32,11.22,1.3,7.55,10.5,1.59,8.65,11.86,16.50316992,39.76455307,5.710822582
192,17.35,13.63,1.57,8.33,11.28,1.28,9.61,12.78,1.52,8.25,11.17,1.25,9.37,12.61,16.55183984,45.28686905,4.937965393
193,17.4,10.8,1.34,9.52,12.86,1.64,8.42,11.5,1.45,9.99,13.57,1.19,7.99,10.79,16.75338477,50.69894409,5.137470722
194,17.25,13.29,1.46,8.96,12,1.79,8.62,11.61,1.22,8.68,11.77,1,8.74,11.84,16.8295957,53.49524307,4.723453999
195,16.2,15.42,1.42,7.35,9.9,1.19,8.19,11.08,1.26,7.14,9.6,1.19,8.19,11.08,16.95016211,43.19559097,5.082536221
196,17.56,18.23,1.76,7.69,10.25,1.44,8.59,11.41,1.2,7.95,10.45,1.47,8,10.74,16.96550195,37.16657257,6.688521862
197,18.38,12.45,1.5,8.13,11.1,1.23,8.5,11.32,1.31,7.75,10.77,1.07,8.82,11.89,17.05240234,50.49426651,5.144512177
198,16.18,12.7,1.72,8.1,10.99,1.4,9.11,12.41,1.3,8.54,11.67,1.07,8.7,11.73,17.18786719,49.86565399,5.043378353
199,18.22,14.69,1.75,8.68,11.67,1.43,9.66,12.85,1.63,8.84,11.88,1.33,9.57,12.64,17.2119707,39.431633,6.712614536
200,11.71,19.62,1.37,5.33,6.97,1.66,5.42,7.21,1.59,5.37,7.19,1.3,5.33,6.99,17.63250781,39.96785736,6.208763123
201,18.2,10.82,1.42,8.9,11.88,1.74,6.08,8.36,1.84,9.4,12.75,1.51,6.22,8.51,17.66893164,43.11291885,7.189997673
202,16.54,13.83,1.38,8.72,11.62,1.68,8.03,10.84,1.24,9.07,12.1,1.52,7.72,10.48,17.95985938,42.05537796,6.440202236
203,19.01,15.34,1.56,7.83,10.49,1.32,8.65,11.46,1.35,7.83,10.49,1.22,8.65,11.46,18.3905957,49.90665436,5.802486897
204,19.16,16.31,1.87,8,10.88,1.53,7.36,10.01,1.45,8.66,11.68,1.66,6.69,9.21,18.5755957,43.17857742,7.034989834
205,14.9,11.45,1.66,6.57,8.92,1.52,7.25,9.99,0.92,6.9,9.16,1.12,7.13,9.65,18.78070508,52.9209938,4.461596966
206,19.79,15.43,1.64,7.84,10.79,1.51,8.17,11.14,1.08,7.77,10.59,1.32,8.65,11.71,18.88349805,48.98296738,5.524823189
207,18.72,15.66,1.29,8.39,11.28,1.58,8,10.86,1.57,7.84,10.59,1.87,8.56,11.55,19.18574219,43.19145966,6.604974747
208,13.96,9.08,1.55,6.84,9.6,1.26,7.56,10.77,1.4,7.13,10.07,1.15,7.39,10.31,19.28623242,49.47332764,5.09688139
209,17.12,12.94,1.59,9.5,12.91,1.3,8.64,11.71,1.46,8.84,12.04,1.2,9.28,12.58,19.93041992,53.86246872,5.335578918
210,16.5,14.39,1.92,6.94,9.4,1.57,7.02,8.27,1.2,7.31,9.93,0.98,7.02,8.27,19.96541016,53.07922363,6.023235798
211,18.15,12.58,1.71,8.87,12.03,1.4,8.66,11.68,1.59,8.45,11.49,1.3,8.68,11.69,20.50287109,52.49431992,5.818747044
212,14.61,12.74,1.39,6.86,9.13,1.7,7.04,9.71,1.32,6.93,9.24,1.61,6.53,8.76,20.50451758,61.44334793,6.050945282
213,17.24,10.26,1.42,8.72,11.86,1.16,8.61,11.43,1.33,8.82,12,1.62,7.48,10.33,20.51499219,49.15552902,5.849511147
214,14.94,19.32,1.53,5.74,7.33,1.88,6.05,7.9,1.51,5.9,7.61,1.85,5.86,7.62,20.68663867,45.31785202,7.620340347
215,18.85,16.06,1.27,6.67,8.87,1.55,8.44,11.46,1.42,7.28,9.75,1.16,8.3,10.86,20.75271094,47.16288376,6.033416748
216,16.96,11.67,1.88,6.97,9.5,1.54,9.51,12.82,1.16,8.39,11.45,1.42,7.93,10.88,20.81075391,55.36688232,5.924356461
217,15,11.38,1.55,7.98,10.93,1.66,7.63,10.38,1.08,8.57,11.69,1.33,6.82,9.36,20.8325332,56.15337753,5.653967857
218,20.45,16.93,1.72,7.38,10.24,1.41,8.85,11.89,1.31,7.96,10.86,1.52,8.25,11.21,21.1625332,46.49541092,6.680428028
219,16.53,17.99,1.36,6.48,8.49,1.66,6.44,8.52,1.71,7.09,9.4,2.08,5.87,7.65,21.16817773,45.31518555,9.042435646
220,14.63,19.38,2.13,6.69,8.99,1.74,6.95,9.13,1.31,7.06,9.55,1.08,6.95,9.13,21.36475977,50.38242722,7.305811405
221,14.99,20.41,1.5,6.23,8.03,1.83,6.37,8.34,1.61,6.4,8.2,1.97,6.01,7.95,21.81473828,45.33576965,8.625778198
222,15.75,14.54,1.74,7.91,10.43,2.12,9.24,12.7,1.45,8.47,11.56,1.19,8.82,11.88,21.94872461,51.53145218,7.119916439
223,12.56,17.46,2.1,5.36,6.6,1.74,5.6,7.01,1.74,5.38,7.11,1.42,5.09,6.41,22.04044141,47.51531219,8.170694351
224,14.39,12.55,1.59,5.98,8.05,1.3,6.71,9.22,2.22,6.38,8.65,2.51,6.34,8.62,22.60383008,49.62205505,9.996351242
225,16.54,13.17,1.96,7.02,9.51,1.6,8.19,11.03,1.52,7.02,9.51,1.24,8.16,10.99,22.73574219,50.58437729,7.504724979
226,18.74,19.13,1.95,7.2,9.74,1.59,8.72,11.54,1.88,8.06,10.83,1.54,7.84,10.45,23.50660156,51.66468048,8.033308029
227,17.4,14.38,1.5,8.22,10.93,1.23,8.03,10.54,1.47,8.22,10.93,1.22,8.03,10.54,23.55512109,59.23168182,4.792475224
228,17.7,19.9,1.35,7.71,10.16,1.66,7.38,9.87,1.98,7.3,9.61,1.62,8.8,11.21,23.57887695,45.15037918,8.346238136
229,12.22,15.51,1.68,5.58,7.22,2.06,5.36,7.16,1.68,5.36,7.16,1.38,5.58,7.22,23.89919922,49.06394958,8.885640144
230,19.19,12.29,1.54,8.81,11.87,1.26,8.51,11.36,1.43,8.81,11.87,1.75,8.36,11.53,24.11991016,51.73929214,6.670164585
231,15.93,11.01,1.68,8.1,11.13,1.45,7.95,10.82,1.43,7.99,10.83,1.58,8.13,11.12,24.18445313,65.611763,6.331404209
232,13.1,16.46,1.93,5.41,6.95,2.22,6.23,8.41,1.3,6.25,8.31,1.59,5.7,7.48,24.50400781,56.13831711,7.735841751
233,17.13,14,2.24,7.38,9.83,1.83,10.9,13.46,1.24,7.48,10.15,1.02,10.9,13.46,24.68336523,66.74612427,6.786596298
234,12.1,13.8,1.47,5.62,7.53,1.8,5.65,7.78,1.32,5.81,8.06,1.57,5.45,7.41,24.84296289,55.5684433,6.791659832
235,16.69,15.41,1.77,6.93,9.36,1.45,7.45,10.02,1.49,7.57,9.93,1.83,7.36,9.9,24.95817773,53.67708588,7.741889
236,18.82,16.39,1.37,7.16,9.69,1.68,8.32,11.26,1.55,8.37,11.22,1.27,7.51,9.9,25.18791211,56.15526581,6.270800114
237,19.61,14.76,1.43,8.62,11.66,1.75,8.57,11.75,1.17,8.62,11.66,1.43,8.71,11.92,25.23609766,58.13615036,5.376997471
238,18.02,18.94,1.57,8.85,11.59,1.92,8.02,10.64,1.58,8.85,11.59,1.93,6.65,8.83,25.70247266,54.97217178,8.436173439
239,18.41,19.76,1.87,6.89,9.2,2.28,8.11,10.83,1.4,8.11,10.83,1.15,7.49,10,25.74575977,55.90805054,7.822763443
240,13.57,15.08,2.24,5.79,7.83,1.83,5.58,7.37,1.32,5.83,7.78,1.61,5.58,7.37,25.79407813,52.74310303,9.021670341
241,19.69,15.97,1.88,5.86,8.17,1.54,8.15,10.76,1.19,8.15,10.76,1.45,5.86,8.17,26.0687832,64.71808624,6.501893044
242,18.72,16.06,1.72,8.16,10.96,1.41,8.8,11.7,1.38,8.96,11.96,1.24,8,10.7,26.07811523,64.57684326,6.317265034
243,16.62,14.5,1.76,6.73,9.04,1.44,8.34,11.05,1.26,7.33,9.81,1.37,7.6,10.23,26.74273633,65.06481934,5.844535828
244,13.87,13.92,1.72,6.45,8.79,1.56,7.34,10.2,1.29,7.16,9.79,1.58,7.03,9.69,26.87780859,59.82657242,7.003300667
245,15.43,13.93,1.6,6.99,9.47,1.56,7.16,9.71,1.5,7.63,10.43,1.23,6.64,8.75,26.98359375,57.68147659,6.788342953
246,19.96,17.98,2,7.22,9.88,1.63,8.85,11.69,1.59,7.76,10.43,1.42,8.85,11.69,26.99272266,54.9707222,7.943753242
247,17.1,14.9,2,6.47,8.71,1.64,8.14,10.95,1.27,7.71,10.37,1.55,7.8,10.57,27.09957227,65.34353638,6.230431557
248,18.82,13.46,1.52,8.19,11.14,1.36,8.74,11.75,1.55,9.6,12.88,1.26,8.74,11.75,27.16449609,65.19316101,6.202160835
249,18.27,19.8,1.79,8.67,11.51,1.46,8.6,11.34,2.06,8.45,11.17,1.68,9.04,11.66,27.40568359,55.82997894,8.689929008
250,15.23,17.03,1.3,7.05,9.44,1.59,6.6,8.86,1.71,6.71,8.93,1.66,7.04,9.39,27.59623242,54.96221161,7.112664223
251,18.86,17.37,2.02,7.77,10.53,1.65,8.47,11.3,1.46,8.08,10.94,1.2,8.58,11.44,27.62705664,70.91519928,6.935003757
252,22.43,17.16,1.47,8.81,12.21,1.61,8.11,11.44,1.46,8.86,12.26,1.47,8.07,11.38,27.84255273,64.10183716,6.628951073
253,16.45,14.44,1.56,7.29,9.77,1.61,7.23,9.71,1.95,7.34,10.03,1.6,7.23,9.71,27.97829297,65.56351471,7.477928162
254,14.77,17.36,1.95,5.93,7.69,2.05,7.22,9.72,1.61,7.02,9.42,1.32,6.38,8.23,28.39286523,60.69340515,8.016877174
255,19.57,13.75,1.84,8.27,11.32,1.5,9.77,12.94,1.5,8.27,11.32,1.23,10.48,13.89,28.46171875,72.75775909,6.559610367
256,16.89,19.79,1.7,8.86,11.85,1.79,7.75,10.36,1.69,8.89,11.54,2.07,8.55,11.32,28.61943945,53.17796326,9.418453217
257,20.16,18.68,1.69,7.74,10.35,1.51,9.03,11.9,1.21,7.82,10.65,1.46,8.6,11.6,28.70770313,73.54030609,6.485310078
258,19.26,15.14,1.73,8.93,12.03,1.72,9.09,12.18,1.1,10.43,13.71,1.34,7.71,10.5,28.88888086,74.05407715,5.967586517
259,17.29,13.54,1.98,7.58,10.31,1.62,8.07,10.67,1.98,8.24,11.19,1.62,7.44,9.84,29.60397266,64.68511963,8.776145935
260,14.91,14.11,2.02,6.89,9.32,1.65,7.48,10.18,1.53,7.1,9.67,1.51,7.16,9.74,30.02781055,66.65187073,7.932947636
261,18.8,14.73,1.77,7.94,10.79,1.6,8.98,12.08,1.23,8.81,11.87,1.51,8.44,11.45,30.35878711,71.05589294,6.749361992
262,17.18,17.89,1.79,7.51,10.02,1.46,7.7,10.26,1.5,7.87,10.58,1.23,7.96,10.61,30.41874414,66.75836945,6.944329262
263,19.67,17.54,1.52,9.06,12.06,1.86,9.07,12.1,1.49,9.68,12.73,1.7,8.57,11.5,30.42273242,76.57941437,7.180118084
264,21.26,13.95,1.77,8.33,11.64,1.45,8.56,11.7,1.6,9.27,12.64,1.31,7.61,10.7,30.81532227,74.99774933,7.081379414
265,18.76,12.82,1.52,8.2,11.21,1.25,9.17,12.15,1.43,8.4,11.46,1.56,8.61,11.72,30.87215625,73.93785095,6.131409645
266,16.3,15.16,2.17,7.3,9.86,1.78,8.01,10.6,1.62,7.05,9.5,1.33,8.01,10.6,30.87912109,67.5036087,8.122303963
267,16.4,14.08,2,7.28,9.86,1.64,9.81,8.16,1.46,8.22,11.16,1.19,9.81,8.16,30.97575977,70.56525421,7.474555969
268,13.07,19.48,1.89,5.59,7.21,1.55,6.06,7.98,1.5,5.59,7.21,1.22,5.9,7.7,31.23401367,68.17819977,7.356494904
269,18.13,17.96,1.82,5.95,7.95,1.61,6.38,8.54,1.46,7.19,9.57,1.79,5.95,7.95,31.67532617,61.34750748,7.961249352
270,15.68,23.16,2.15,6.44,8.38,1.76,7.11,9.25,2.13,6.52,8.51,1.74,7.11,9.25,32.45286523,55.18493271,11.89369869
271,18.76,15.2,1.38,8.24,11.06,1.69,7.83,10.73,1.83,8.48,11.48,1.66,8.08,10.93,32.74391016,67.40822601,8.421090126
272,16.04,17.83,2.33,6.58,8.71,1.9,8.31,11.18,1.48,7.62,10.15,1.78,6.68,8.79,32.83528906,62.76667786,10.29724789
273,18.52,17.89,1.79,7.28,9.82,1.47,8.47,11.32,1.42,8.38,11.23,1.55,8.47,11.32,33.351,69.56346893,7.29519558
274,19.21,15.71,1.48,7.96,10.69,1.81,9.53,12.72,1.2,7.77,10.5,1.47,9.53,12.72,33.36328125,71.21218872,6.773096561
275,19.83,17.96,2.12,7.54,10.31,1.73,8.53,11.38,1.38,7.62,10.32,1.69,7.92,10.77,33.50169141,64.7819519,8.81051445
276,18.37,16.86,2,10.14,10.57,2.44,7.08,9.5,1.77,8.47,11.22,2.1,7.08,9.5,34.02585156,60.45972824,10.77182388
277,19.57,19.25,2.01,7.93,10.75,1.64,9.03,11.94,1.54,8.81,11.71,1.37,8.22,10.98,34.24479297,82.59666443,7.464976311
278,19.18,17.75,1.67,9.17,12.28,1.37,8.44,11.24,1.64,9.91,13.08,1.35,8.44,11.24,34.26225781,80.88826752,6.502978325
279,17.12,20.55,1.69,7.04,9.19,2.06,7.55,10.01,1.38,8.06,10.63,1.34,6.83,8.93,34.287875,73.58709717,7.73789835
280,18.15,20.53,1.52,8.61,11.24,1.86,8.63,11.33,2.01,9.5,12.46,1.64,9.4,12.1,34.40358594,64.75266266,9.470424652
281,18,16.31,2.01,6.78,9.09,1.81,8.47,11.24,1.45,8.18,10.94,1.72,7.01,9.39,34.95407813,81.79399872,7.894881248
282,19.6,18.75,1.53,8.98,11.97,1.87,8.64,11.72,1.55,8.85,11.83,1.63,8.57,11.52,35.02861328,63.7922287,8.502873421
283,15.84,17.14,1.81,6.47,8.55,1.66,7.28,9.68,1.24,7.24,9.7,1.45,6.55,8.68,35.14776172,77.12438202,6.923972607
284,17.02,22.03,1.92,6.55,8.4,2.35,7.56,9.92,1.3,7.26,9.36,1.59,7.18,9.47,35.44589844,72.38362122,9.508203506
285,18.44,16.62,1.59,7.21,9.73,1.94,9.21,12.32,1.59,8.39,11.23,1.94,8.53,11.46,35.82623438,78.22382355,8.528619766
286,11.36,13.1,2.38,6.33,9.46,1.95,6.37,9.43,2.03,6.51,9.81,1.66,6.77,10.27,35.99580078,64.94926453,10.32907009
287,18.26,12.68,1.99,8.97,12.16,1.63,9.6,12.8,1.5,8.87,11.94,1.22,8.75,11.68,36.18630469,81.40142059,7.956481934
288,20.22,19.63,1.67,7.44,10.1,2.04,8.89,11.88,1.52,8.01,10.81,1.59,8.27,11.17,36.31551953,73.5222702,9.023732185
289,15.91,24.83,1.8,8.57,11.09,2.19,8,10.77,1.89,8.69,11.31,1.63,7.88,10.07,36.47503516,63.78483963,9.863459587
290,20.04,15.35,1.99,7.92,10.91,1.99,7.83,10.8,1.28,7.97,10.97,1.26,7.78,10.74,36.76535156,85.91998291,6.862334251
291,19.08,12.31,1.99,8.44,11.58,1.63,8.21,11.25,1.58,8.66,11.75,1.3,8.25,11.06,37.22632422,80.97428894,7.994970798
292,19.55,16.72,1.72,9.02,12.1,1.41,7.18,9.58,1.69,8.21,11.15,1.38,7.88,10.52,37.29279297,86.50353241,8.182370186
293,16,15.1,1.83,6.93,9.2,2.23,6.55,8.8,1.83,6.88,9.28,1.5,7.08,9.48,37.39386328,77.63072968,8.491880417
294,19.6,17.83,1.84,8.76,11.73,1.51,8.46,11.27,1.21,8.76,11.73,1.48,7.36,10.06,37.62421094,84.65939331,7.245913029
295,18.52,13.63,1.74,8.53,11.46,1.43,8.39,11.22,1.7,8.67,11.72,1.95,8.33,11.33,37.62577734,81.26332092,7.562115669
296,20.37,16.4,1.74,7.87,10.83,2.01,9,12.18,1.32,8.94,12,1.61,8.44,11.55,37.85646484,82.5594101,7.634040833
297,17.38,20.01,1.98,8.55,11.36,2.01,7.71,10.21,1.47,8.1,10.72,1.65,8.14,10.82,37.87399219,77.30004883,7.718571663
298,19.73,17.37,1.98,8.5,11.44,1.62,7.46,9.92,1.72,8.44,11.36,1.41,7.17,9.57,38.07932813,88.36109924,7.922132492
299,15.88,15.16,2.35,7.23,9.81,1.92,7.39,9.99,1.4,7.5,10.04,1.71,7.48,10.12,38.70648828,84.23851776,8.984560966
300,17.77,18.91,2.07,8.34,11.06,1.69,8.22,10.75,1.77,8.34,11.06,1.84,8.66,11.45,39.09053516,91.2569809,8.552600861
301,19.37,17.35,1.75,8.33,10.57,2.14,8.59,11.56,1.34,8.49,11.44,1.64,8.64,11.64,39.11005859,87.45276642,7.843039989
302,20.85,20.62,1.53,7.98,10.91,1.87,9.49,12.66,1.53,8.99,11.83,1.4,8.4,11.07,39.23762891,78.90656281,7.448469639
303,19.8,16.45,1.94,8.48,11.52,1.59,9.52,12.65,1.81,8.23,11.23,1.48,9.82,12.94,39.30914063,82.99092865,8.124996185
304,16.76,14.74,1.8,9.67,13.1,2.2,7.79,10.56,1.43,8.85,11.87,1.75,8.83,11.97,40.52347656,80.40784454,9.065483093
305,20.27,16.74,1.74,9.43,12.59,1.94,6.8,9.48,1.23,10.55,13.61,1.51,7.81,10.62,40.66567188,91.6000824,7.655964375
306,17.29,15.09,1.61,6.65,8.93,1.89,7.28,9.85,1.42,6.89,9.26,1.62,7.04,9.52,40.71743359,83.38352966,8.064680099
307,15.39,18.38,2.39,6.48,8.51,1.96,7.92,10.59,1.84,6.78,8.91,1.6,7.92,10.59,40.93819141,88.96869659,10.18179703
308,18.35,19.41,2.38,7.04,9.44,1.95,6.53,8.64,1.64,7.31,9.76,1.34,6.74,8.63,40.97834375,81.3825531,9.635479927
309,21.93,17.64,1.64,7.88,10.97,2,8.1,11.37,1.52,7.5,10.54,1.86,8.49,11.81,41.06687891,80.67126465,8.70887661
310,16.56,16.99,2.22,7.14,9.54,1.81,7.09,9.34,1.8,6.88,9.1,1.47,7.4,9.73,41.39929688,87.16973877,8.930514336
311,13.84,12.55,2.07,5.19,6.67,2.53,6.14,8.37,2.07,5.87,7.8,1.7,5.28,6.78,41.58395313,76.31092072,12.35349274
312,19.78,14.07,1.98,8.67,11.81,1.67,8.55,11.62,2.2,8.67,11.81,2.05,8.74,11.85,41.605625,85.00756836,9.465726852
313,18.09,21.38,1.61,7.66,10.07,1.97,7.96,10.77,2.2,8.02,10.61,1.8,8.15,10.26,41.88147656,74.63285065,8.952646255
314,21.73,17.12,2.04,7.31,10.44,1.67,9.01,12.22,1.25,7.85,10.99,1.44,8.41,11.67,42.19088672,96.77902985,7.772815228
315,19.54,14.85,1.38,8.48,11.54,1.69,9.1,12.3,1.59,8.61,11.61,1.94,8.62,11.71,42.55433984,84.02342987,8.053906441
316,19.71,14.65,2.01,8.02,10.98,1.64,7.88,10.68,1.52,8.89,11.95,1.86,7.6,10.46,42.99503125,86.47592926,9.027593613
317,18.17,17,1.61,8.34,11.09,1.97,8.46,11.31,2.18,7.89,10.81,1.78,8.34,11.16,43.01032813,85.02281189,9.379250526
318,17.42,21.53,2.31,7.9,10.38,1.89,9.37,12.22,1.67,7.67,10.13,1.37,9.37,12.22,43.16677344,89.08627319,9.122589111
319,18.56,19.61,1.72,8.19,10.63,2.11,7.77,10.39,1.76,8.28,11.04,1.44,8.19,10.63,43.30870313,82.63568878,9.07721138
320,17.26,16.75,2.38,7.14,9.69,1.94,5.22,6.58,1.44,5.22,6.58,1.76,7.52,10.11,43.34025,91.50955963,8.220645905
321,21.24,20.73,2.27,6.98,9.69,1.85,8.66,11.56,1.56,7.5,10.22,1.91,7.02,9.81,43.49728906,80.21588135,10.74534035
322,21.98,16.53,2.05,7.81,11.09,1.86,9.29,12.68,1.31,8.16,11.31,1.6,9.09,12.46,44.06634766,92.1488266,8.615847588
323,18.66,17.05,1.65,7.2,9.69,2.02,8.55,11.49,1.66,7.12,9.63,1.36,9.16,12.01,44.40924219,82.91199493,8.325370789
324,17.49,18.86,1.67,6.03,7.89,2.04,7.33,9.79,1.58,6.87,8.82,1.93,6.83,9.05,44.47587891,84.91593933,8.830113411
325,15.82,16.06,2.28,7.04,9.44,2.23,6.62,8.82,1.49,6.75,9.01,1.79,7.57,10.23,44.52960156,74.49730682,9.668904305
326,20.58,19.17,1.46,8.07,10.87,1.78,8.48,11.49,1.97,7.52,10.42,1.61,8.87,11.94,45.40667188,90.87306213,8.920804024
327,20.33,13.6,1.96,7.64,10.7,1.6,7.47,10.46,1.12,8.19,11.18,1.37,6.98,9.84,45.73603516,100.3839798,7.190555573
328,20.02,21.49,1.94,7.04,9.52,2.37,8.82,11.85,1.61,7.25,9.44,1.97,7.91,10.69,46.14121094,84.0408783,11.14317417
329,18.28,17.14,2.14,8.47,11.38,1.75,7.91,10.47,1.79,9.43,12.54,1.46,7.91,10.47,46.24074219,96.21903229,8.443547249
330,21.98,17.76,1.72,10.55,13.92,1.84,6.18,8.94,2.2,10.13,13.63,1.8,6.18,8.94,46.360125,92.89653778,10.62876987
331,19.64,14.1,2.11,8.56,11.77,1.73,8.9,12.08,1.74,9.28,12.4,2.12,8.59,11.75,46.51595313,97.98682404,10.68588734
332,18.64,17,1.74,7.6,10.15,1.52,8.71,11.56,1.78,8.83,11.69,1.45,7.67,9.88,48.28240234,91.14569855,8.053309441
333,20.57,13.24,3.18,8.57,11.88,2.6,9.91,13.37,1.83,9,12.04,2.23,8.91,12.24,49.28519141,82.40155792,15.03169823
334,21.22,17.27,1.46,8.55,11.49,1.79,10.14,13.54,1.97,7.7,10.75,2.05,10.07,13.45,52.69185156,101.6933136,9.384235382
335,19.22,16.26,1.79,8.71,11.59,2.19,9.35,12.57,1.58,9.09,12.15,1.81,8.83,11.85,53.83326172,103.9305649,9.868479729
336,21.07,18.6,2.1,8.84,12.01,1.72,10.85,13.9,1.8,9.18,12.44,1.58,10.33,13.7,54.11078125,109.7220917,9.884606361
337,19.55,15.4,1.73,8.22,10.91,2.11,6.92,9.59,1.84,6.92,9.59,2.25,7.71,10.64,54.91391016,109.2097626,11.41261673
338,19.82,17.46,2.37,9.82,13.05,1.94,8.55,11.34,1.54,11.02,14.11,1.88,7.77,10.57,54.94756641,103.1327286,10.44705582
339,20.26,17.62,1.91,8.02,10.85,2,8.75,11.75,1.5,7.62,10.46,1.84,8.05,11.02,55.9203125,109.3274078,9.176914215
340,17.01,22.87,1.56,7.32,9.6,1.9,7.23,9.62,2.03,6.82,8.9,1.95,7.8,10.24,56.82781641,90.00215912,11.03259468
341,18.58,16.95,2.23,6.03,8.17,1.83,6.94,9.33,1.59,6.47,8.76,1.58,6.43,8.74,57.22719141,108.3024445,9.481417656
342,15.51,24.26,2.46,6.93,9.03,2.01,7.49,9.69,1.82,7,8.97,2.23,7.13,9.33,57.76073047,90.50758362,11.97568893
343,19.16,16.45,2.42,9.02,12.22,1.98,8.03,10.87,1.98,8.03,10.93,1.87,8.41,11.37,58.16023438,113.0906982,10.84909725
344,13.23,19.21,2.18,6.17,8.09,1.78,6.76,8.98,1.78,6.84,9.33,2.17,6.15,8.25,58.48263281,100.4801025,12.21468544
345,20.41,18.92,1.77,8.85,11.75,2.16,9.11,12.2,1.52,8.85,11.75,1.86,9.36,12.44,58.91091016,107.222435,9.579362869
346,19.08,18.52,2.08,7.85,10.57,2.54,7.83,10.59,1.3,8.31,11.06,1.58,7.49,10.1,60.42448047,110.7080688,10.0057888
347,16.61,19.05,2.2,6.65,8.8,2.62,6.71,8.91,1.6,6.9,9.08,1.96,6.73,8.86,62.32630078,101.2743835,12.19468117
348,21.05,19.55,1.89,8.68,11.49,2.31,7.58,10.48,1.55,7.8,10.54,1.89,8.14,11.14,62.47812109,106.9796829,10.33956146
349,15.9,20.4,2.53,6.61,8.68,2.07,7.07,9.35,2.24,6.84,9.08,1.84,6.71,8.83,64.21792969,109.7299194,11.99115276
350,15.08,17.43,2.23,6.48,8.66,1.83,6.85,9.09,2.32,6.62,8.88,1.9,6.65,8.87,66.51596094,109.7152863,12.13582516
351,20.13,18.45,2.01,8.82,11.87,2.46,8.87,11.99,1.73,8.66,11.69,1.42,8.84,11.65,67.52532031,117.7467804,10.53044224
352,13.73,20.23,2.59,6.89,9.33,2.12,6.83,9.08,1.61,7.11,9.66,1.96,6.64,8.96,70.15567188,105.9468384,12.39461994
353,23.5,17.89,2.33,8.8,12.48,2.27,7.5,11.06,2.23,8.11,11.75,2.23,8.18,11.79,76.43632813,125.721756,13.9615593
354,20.14,19.23,2.36,8.12,10.99,2.45,8.18,11.02,2.08,8.07,10.86,1.94,8.32,11.18,84.36385938,135.223465,13.86523342
355,19.5,19.67,2.03,5.67,7.69,2.48,8.55,11.47,1.72,5.67,7.69,2.1,7.46,10.14,84.88229688,134.8790436,13.41665173
356,21.1,16.42,2.45,8.89,12.12,2.01,7.85,10.77,2.04,6.95,9.85,1.67,10.09,13.14,85.70103906,141.8109741,12.13861752
357,21.01,18.19,2.29,9.22,12.47,2.39,9.37,12.63,2.24,8.57,11.76,1.84,10.05,13.33,86.75583594,148.0547638,14.38985252
358,22.29,19.63,2.02,7.31,10.36,2.47,9.04,12.41,2.03,7.31,10.36,1.73,9.26,12.52,88.46795313,145.7740936,11.87154198
359,24.46,18.22,2.2,8.49,12.31,2.28,7.71,11.47,1.84,8.49,12.31,1.93,7.71,11.47,93.309125,158.2565918,11.23459053
360,24.42,17.16,2.4,8.72,12.68,1.96,8.34,12.24,2.32,8.72,12.68,2.07,8.34,12.24,96.30001563,156.479248,12.30125713
